0.91309094,1.6182338,1.2860959,1.1967779,1.1504719,1.327926,0.83934945,0.882177,0.7011941,1.2056681,1.1553699,1.0919259,0.91071653,1.3039739,0.5307371,1.0414587,0.92048687,0.6260004,0.8155544,1.1876792
0.65987873,0.65005714,0.47344851,0.33757553,0.3874098,0.26605567,0.27846807,0.22922803,0.23807625,0.3906554,0.21265504,0.19093291,0.23334302,0.13545959,0.08313659,0.22894129,0.22764601,0.111453585,0.21500601,0.080942534
0.51638573,0.30444458,0.28452528,0.15703677,0.37705857,0.19942397,0.18247491,0.1877009,0.1721261,0.19333684,0.1369872,0.21751562,0.095755585,0.113755435,0.123991705,0.08347901,0.120970726,0.12986726,0.12257023,0.09178655
0.16820009,0.24764076,0.5818026,0.19498222,0.27140108,0.285581,0.18408085,0.30323797,0.13617937,0.10365793,0.13040607,0.26460883,0.06331986,0.25148672,0.2841083,0.13098325,0.23048879,0.15332021,0.21342881,0.15932696
0.07944564,0.104152225,0.10611471,0.10354629,0.054739397,0.066173434,0.13614191,0.07049487,0.075516395,0.06484896,0.123346835,0.10215122,0.10845312,0.20909636,0.1134124,0.08712328,0.112891994,0.107644215,0.055188235,0.081382215
0.17808007,0.07975172,0.095752366,0.05778218,0.059996475,0.10289005,0.092095464,0.11316486,0.08459066,0.07889538,0.14257938,0.1086132,0.100849405,0.061106123,0.109551154,0.08639551,0.07100844,0.06596378,0.0679366,0.17182273
0.137772,0.2561375,0.3084693,0.109640405,0.2769859,0.3360986,0.21699059,0.20693678,0.094142824,0.24081647,0.067535795,0.19316939,0.17271426,0.16995224,0.12645583,0.32610407,0.35280213,0.26406062,0.10610564,0.17846657
0.15626511,0.15009512,0.102940194,0.13930152,0.17267898,0.16416804,0.09730574,0.08468654,0.10831349,0.080702156,0.10788988,0.11505561,0.10016434,0.18749435,0.12053396,0.09163089,0.10691908,0.086263336,0.13078223,0.124869764
0.14837883,0.09113984,0.110639915,0.07372169,0.1117443,0.07194196,0.07889478,0.06660399,0.092669785,0.09122451,0.093941145,0.06831171,0.087329745,0.09157014,0.09300844,0.11652227,0.0566801,0.13918646,0.07458797,0.10705799
0.2069927,0.19173448,0.3210733,0.23181327,0.1550667,0.17125252,0.16550854,0.15406305,0.18446837,0.15861467,0.1411361,0.16394916,0.12556489,0.17617293,0.1617227,0.25960684,0.22142643,0.36328503,0.17312881,0.206064
0.13939615,0.09966606,0.1133135,0.21622522,0.12747706,0.123393886,0.107656635,0.14419541,0.13208105,0.19762486,0.10971939,0.14364865,0.09762445,0.06046644,0.120888986,0.077579334,0.096755125,0.19601993,0.11127672,0.105251946
0.12321999,0.10443165,0.077691145,0.09899055,0.08593211,0.08977166,0.11164964,0.10119333,0.09288538,0.0770002,0.1011424,0.09835561,0.15502262,0.124386184,0.095629014,0.10437777,0.10509799,0.12737936,0.10543519,0.079067424
0.28496018,0.22531308,0.2521989,0.12331089,0.13846047,0.12358988,0.3412501,0.22339205,0.17476569,0.1200275,0.097660534,0.25982106,0.24200794,0.14288446,0.14432636,0.15399402,0.21142472,0.14608514,0.19035988,0.15993696
0.16006519,0.12101355,0.09120137,0.120693825,0.15378383,0.08263783,0.109726064,0.10367853,0.10147058,0.08088606,0.097634144,0.09008917,0.1069343,0.079283334,0.08537803,0.1558017,0.15364808,0.13183574,0.06361956,0.09198238
0.1561759,0.072987944,0.099103555,0.07634669,0.10494231,0.100623526,0.14614858,0.08176987,0.15434927,0.09789933,0.073598385,0.09335192,0.0840961,0.10733927,0.09092232,0.11131149,0.06575563,0.095655285,0.08939093,0.08661588
0.333394,0.20642203,0.1368059,0.3159623,0.31904954,0.17642711,0.13103282,0.114691235,0.24198158,0.3653873,0.11603379,0.10151644,0.28738043,0.15009509,0.13533722,0.16080499,0.16648234,0.3913549,0.13364363,0.22367977
0.16020443,0.09630179,0.09674759,0.20089681,0.08916717,0.16821204,0.12615639,0.12790756,0.106354706,0.11676574,0.1567752,0.1366196,0.13087766,0.13537404,0.110516,0.13849527,0.15532169,0.10395286,0.22713946,0.1549219
0.07954029,0.12633346,0.13546634,0.116915435,0.08563963,0.132158,0.09458793,0.08047905,0.08237932,0.09829241,0.1286136,0.14055139,0.13634591,0.17386626,0.10111878,0.11744053,0.09996561,0.09533263,0.14866138,0.095574684
0.24104132,0.31390235,0.18414706,0.24185191,0.19372852,0.22681345,0.29446426,0.19001348,0.1576057,0.24573702,0.1762095,0.19420929,0.2679365,0.1374798,0.09501409,0.12062275,0.15186821,0.24827275,0.19897877,0.13535638
0.10739658,0.118436486,0.11373958,0.22487962,0.13572173,0.12938854,0.15038282,0.09220144,0.11569352,0.18982492,0.11975338,0.10453242,0.13953096,0.14153178,0.17005995,0.1071658,0.1312702,0.18511494,0.15235116,0.16900659
0.15551186,0.094023734,0.09217455,0.120433226,0.12636505,0.12553586,0.13008845,0.14571701,0.13232976,0.0992876,0.10270588,0.111667074,0.13657427,0.09104217,0.1354235,0.17876962,0.112204805,0.113896824,0.12266146,0.11043309
0.20180152,0.21452773,0.22266379,0.344024,0.19255263,0.12792559,0.1750991,0.20666924,0.14792094,0.4124256,0.2960329,0.15581642,0.2610106,0.2207748,0.28628296,0.42554972,0.24148227,0.21977095,0.3069999,0.12604606
0.118197896,0.09539234,0.089129604,0.15268931,0.106269754,0.20066513,0.09691022,0.14276278,0.10251751,0.124617025,0.15819477,0.16999434,0.14044751,0.13394205,0.12707533,0.11376792,0.1444527,0.10408427,0.16134837,0.122121006
0.12430464,0.09385648,0.1480143,0.11053085,0.18247485,0.11539721,0.12042641,0.08216234,0.1054296,0.13610049,0.10034185,0.09621627,0.1319787,0.12816423,0.11125355,0.097263224,0.09348033,0.109653845,0.08954603,0.114326864
0.2299954,0.3382994,0.22946298,0.20806745,0.2833303,0.21310651,0.12677473,0.26375964,0.2371244,0.15856603,0.16174875,0.120297976,0.2926797,0.37344489,0.14192812,0.15967144,0.14394796,0.2197006,0.3303409,0.14110641
0.16773602,0.1485186,0.13539289,0.09473744,0.14694017,0.123959266,0.07207226,0.14173883,0.12839307,0.12537564,0.27691448,0.19110845,0.14225611,0.14396904,0.17323434,0.1554236,0.08934354,0.13076071,0.24913806,0.12601724
0.13664599,0.09023459,0.11271621,0.11332286,0.16218537,0.11444793,0.102171145,0.17801195,0.17193161,0.22401696,0.085635565,0.11807814,0.077663586,0.13692233,0.07618373,0.14363366,0.09795106,0.09750156,0.08520822,0.10611843
0.4736626,0.08697395,0.49038926,0.24042907,0.300329,0.15964961,0.36940736,0.1976851,0.327536,0.19840214,0.15249042,0.16130266,0.19351916,0.25109783,0.16503522,0.5881161,0.47512752,0.3357949,0.2848507,0.2272771
0.08815688,0.09492526,0.17816876,0.19074304,0.13463277,0.2484967,0.20058393,0.12704143,0.1646342,0.21495214,0.13295493,0.27519667,0.106343046,0.18707716,0.16364443,0.22050707,0.1515553,0.14072601,0.144466,0.14216448
0.06469413,0.08356862,0.107063666,0.12889084,0.104612574,0.13447498,0.09188548,0.14149721,0.115944445,0.18995588,0.12454464,0.10402054,0.10354765,0.13802445,0.12028804,0.11331413,0.10256666,0.12314665,0.102918014,0.19407217
0.4727199,0.3232238,0.14925523,0.16969614,0.34661153,0.19370236,0.17418903,0.28077605,0.1820601,0.28648835,0.16220647,0.27801752,0.4338341,0.22916918,0.18258119,0.1593872,0.16064931,0.25257704,0.32398883,0.51588297
0.15397684,0.27014604,0.13788754,0.20151506,0.1111301,0.11193765,0.11288029,0.20553009,0.14546612,0.14779933,0.15585127,0.1989906,0.16494347,0.19772649,0.19028525,0.115559086,0.3583411,0.3188568,0.14549042,0.13118549
0.09289917,0.16884965,0.18794836,0.15006623,0.17171536,0.14000261,0.13609493,0.16747151,0.11285894,0.16596183,0.1520336,0.13231108,0.12812299,0.15189052,0.07905194,0.17540097,0.09424195,0.09780786,0.085191526,0.1123817
0.249806,0.33113995,0.21379596,0.18825762,0.21706747,0.29635513,0.2432326,0.1813072,0.49039456,0.12345446,0.26197696,0.34483173,0.22551788,0.23199064,0.27285296,0.19353247,0.4874539,0.4942705,0.20078263,0.33157843
0.20794542,0.1552932,0.13113205,0.31581226,0.17786543,0.15564886,0.1223167,0.12917405,0.14051738,0.09797918,0.14751469,0.19808604,0.11056917,0.17923538,0.13771385,0.19645855,0.19598201,0.1961377,0.12231856,0.17910515
0.17152216,0.16181938,0.16068985,0.14192559,0.15746315,0.09936787,0.13078332,0.2704453,0.15577571,0.106062084,0.14693208,0.14305852,0.12913632,0.11182617,0.10731605,0.124014124,0.12685555,0.16713436,0.09592538,0.14459564
0.21159641,0.36273685,0.22173966,0.2772825,0.3080084,0.34957853,0.25759694,0.27789432,0.40945107,0.39994392,0.33050045,0.2661936,0.19365866,0.2903003,0.2756527,0.115793526,0.14175886,0.27364132,0.51833224,0.19066395
0.14055413,0.17957778,0.3024322,0.17396945,0.15311106,0.1058989,0.15503994,0.120589964,0.14401385,0.30950764,0.134692,0.12977871,0.18445739,0.1551618,0.14275223,0.09483951,0.17043166,0.15940933,0.15291438,0.18580154
0.097798266,0.25998458,0.12510721,0.10881234,0.10902072,0.10660131,0.16124213,0.14749809,0.12668332,0.068770684,0.10154622,0.12553577,0.28378507,0.11878138,0.13419442,0.1378618,0.22669438,0.12956157,0.15653998,0.115948536
0.4130586,0.3092879,0.34113562,0.27502596,0.29616326,0.52056557,0.2882286,0.31922844,0.31566206,0.28654426,0.1416695,0.2571095,0.17992276,0.26420352,0.17256048,0.25923434,0.262668,0.18282808,0.1685406,0.21762186
0.1748851,0.20282994,0.1389529,0.12225169,0.3057242,0.10476614,0.35158023,0.14683446,0.10759564,0.1790198,0.15796866,0.19342121,0.16958345,0.18128666,0.1432073,0.14337704,0.12688942,0.18816568,0.1867701,0.15372485
0.13626349,0.2275572,0.25750205,0.1342102,0.13768843,0.1057335,0.18030964,0.11497912,0.15181896,0.12951615,0.113103874,0.120586224,0.19266492,0.13128087,0.08360676,0.09698038,0.14466938,0.2720313,0.14119305,0.14071988
0.3179076,0.13972974,0.291785,0.3930041,0.22304355,0.22839163,0.15038277,0.21137518,0.47650322,0.2837027,0.3258359,0.26069847,0.2873319,0.39897668,0.16762148,0.3487017,0.28187063,0.29873726,0.1317174,0.19047014
0.14173512,0.21434699,0.15776956,0.09595751,0.15957868,0.13163878,0.11841344,0.123754084,0.2902951,0.1429177,0.165253,0.21115603,0.19587068,0.15475115,0.19753397,0.15533714,0.20117782,0.19851223,0.1333501,0.09810486
0.16293396,0.10923076,0.12686695,0.241003,0.13295266,0.2627594,0.14829473,0.15316966,0.16566022,0.13162737,0.16919492,0.2654017,0.14120609,0.10086045,0.09930806,0.12083188,0.14784682,0.14857449,0.096340135,0.12641038
0.3282842,0.22391167,0.274936,0.2521312,0.22621545,0.39007217,0.25137132,0.19447677,0.3116734,0.19360697,0.29506624,0.2122169,0.23709059,0.1356648,0.34451008,0.30076522,0.16980878,0.20838663,0.29307637,0.21478254
0.0979919,0.2425371,0.12880057,0.10082378,0.10642506,0.15220574,0.25077578,0.25579545,0.11592615,0.13818797,0.13086888,0.19145311,0.15021062,0.1406933,0.2444189,0.16284792,0.12343395,0.19728348,0.17984064,0.16241746
0.13954353,0.12016466,0.1650607,0.12016904,0.14926575,0.1317934,0.12710871,0.087028794,0.16895473,0.13632648,0.11623181,0.086714774,0.15349184,0.12620513,0.20025176,0.10176282,0.19927214,0.098221324,0.1258143,0.11237822
0.24219705,0.26842448,0.1916014,0.20031686,0.2300186,0.24971716,0.1858206,0.22873521,0.31939614,0.31900275,0.2665883,0.49453208,0.45137644,0.12037609,0.17294313,0.22121288,0.23420715,0.19226511,0.2897633,0.53654087
0.2126525,0.16301478,0.11843116,0.118313745,0.13941166,0.13507964,0.1456688,0.2259731,0.12178845,0.12687118,0.11614009,0.18266924,0.12868282,0.14152841,0.19979852,0.12081429,0.2164869,0.1306306,0.13906206,0.17531505
0.11422158,0.12846698,0.113512576,0.15722321,0.16841571,0.18528368,0.117962174,0.14909491,0.13744324,0.10767942,0.13764475,0.12950365,0.16992426,0.1144664,0.11318887,0.15696694,0.092746414,0.135233,0.11488379,0.11912504
0.4197923,0.32425705,0.16381112,0.19892931,0.25403824,0.15548335,0.29676044,0.27464497,0.26193225,0.22131827,0.2900055,0.43972147,0.26018974,0.49167103,0.22506201,0.15859985,0.27015424,0.21719849,0.24182634,0.16438125
0.20842992,0.21250479,0.15043883,0.1509014,0.1818162,0.10980669,0.16208889,0.16856885,0.28450426,0.19091101,0.16842544,0.10196626,0.12489036,0.12846425,0.26932877,0.13340318,0.13840106,0.22726554,0.14994502,0.1400549
0.17089798,0.14650407,0.123661734,0.14318344,0.09512021,0.1439837,0.108431146,0.12468276,0.09932813,0.090030566,0.13665088,0.101388775,0.12804236,0.13457692,0.15833247,0.11330691,0.13983145,0.100218065,0.08726541,0.07890383
0.16714253,0.24352193,0.541329,0.28271735,0.32148567,0.23519118,0.25686756,0.2550119,0.42415884,0.3645928,0.2893327,0.30424243,0.11524851,0.32346123,0.20677957,0.276919,0.33580148,0.14031698,0.26706195,0.18343128
0.12311165,0.11189416,0.14004092,0.11159991,0.16827329,0.13332264,0.21874489,0.101811334,0.108391106,0.15231073,0.1583625,0.17134999,0.16224022,0.13128443,0.19544727,0.086356014,0.18594085,0.188519,0.12353889,0.11068627
0.13119023,0.11109237,0.15763247,0.15847957,0.13013594,0.111707255,0.10423976,0.12004864,0.12623096,0.1852226,0.1428108,0.14511827,0.13443859,0.12788916,0.104821995,0.15005936,0.09613511,0.100129336,0.11943201,0.1184199
0.26544765,0.28593877,0.19812211,0.24077532,0.23865916,0.248102,0.18607184,0.16249509,0.16893181,0.2538256,0.24835593,0.1560691,0.2028825,0.20048352,0.28664783,0.5138129,0.11954166,0.3749134,0.2511103,0.3711928
0.16360402,0.22301424,0.18225595,0.11098382,0.11315224,0.28095716,0.107496835,0.24239188,0.22354627,0.16061686,0.17282577,0.094454266,0.13287297,0.0910655,0.13580255,0.12101585,0.09802485,0.10639734,0.11848121,0.19456905
0.15278637,0.1455463,0.1049321,0.11387057,0.10613131,0.10690645,0.11238152,0.11950519,0.20638815,0.11159634,0.14754078,0.12367868,0.1530742,0.10241248,0.1419983,0.2433009,0.105817534,0.11387015,0.16750754,0.12410018
0.14031646,0.33559313,0.21856272,0.6123242,0.28522754,0.23074888,0.200741,0.14459318,0.2135612,0.21834533,0.2473397,0.27737835,0.20076609,0.2664588,0.112964995,0.2382009,0.3168322,0.27095073,0.3570271,0.4018618
0.14619374,0.22974505,0.23373789,0.21837704,0.15935259,0.19929554,0.1264494,0.10875018,0.1727553,0.12595415,0.14645413,0.15739432,0.121451035,0.12825535,0.13669029,0.24619743,0.11359574,0.15562366,0.16187151,0.25544578
0.10720579,0.10269859,0.09644017,0.11882339,0.11787963,0.12573604,0.17743377,0.09110649,0.15564127,0.16566716,0.1704929,0.07408895,0.115693204,0.17607555,0.12615196,0.15651532,0.1283075,0.08970472,0.12560204,0.09730861
0.28496706,0.22409417,0.24083616,0.26192567,0.35753047,0.12720264,0.26718172,0.12350338,0.18653685,0.32006702,0.3174324,0.26380944,0.15967272,0.18678492,0.13749328,0.2140921,0.2509017,0.33327848,0.18749231,0.17032161
0.10836876,0.12413845,0.072260894,0.11574854,0.10654836,0.2954994,0.15656005,0.11584149,0.27033293,0.17149054,0.16629383,0.16198903,0.15199244,0.1908614,0.11857852,0.15157332,0.12894417,0.19271173,0.1401746,0.14990725
0.20412615,0.1347273,0.13394944,0.16063783,0.10272356,0.14898835,0.11742781,0.12805599,0.13637194,0.12316782,0.10640767,0.14304033,0.1224154,0.12303427,0.14587831,0.21037146,0.105685316,0.14860797,0.13410638,0.18427028
0.25545052,0.5686681,0.42075413,0.23858403,0.3553465,0.14580719,0.15448573,0.2875802,0.39002603,0.21216483,0.25168115,0.23502283,0.21198921,0.20209397,0.16983181,0.17696674,0.14469583,0.16357137,0.24976574,0.23932168
0.10667761,0.12948027,0.21447137,0.16499065,0.18151955,0.11065679,0.17102174,0.078482114,0.30653793,0.13116786,0.16761531,0.16232601,0.12101253,0.10333871,0.1852524,0.20926209,0.07565601,0.22710478,0.14951998,0.14460082
0.10514398,0.14120527,0.11580818,0.10639499,0.1433143,0.10886036,0.09056338,0.13820769,0.109592766,0.15386958,0.14907299,0.16178794,0.120743416,0.11005001,0.09120744,0.115486495,0.09811515,0.08756194,0.12992015,0.0968376
0.15728948,0.17638172,0.20523733,0.49455416,0.32848287,0.27326152,0.35859826,0.2978018,0.17774773,0.23372738,0.33083263,0.23492703,0.29482076,0.44159088,0.36817828,0.21897833,0.2970634,0.25704482,0.13037531,0.20983085
0.1310059,0.20396136,0.1579215,0.11226501,0.15166897,0.1533345,0.22378309,0.121316865,0.1589564,0.11355525,0.13657941,0.13111572,0.16406532,0.16513135,0.16733973,0.1550992,0.12748106,0.19627742,0.12972766,0.14854039
0.09569889,0.18778913,0.10994235,0.17022958,0.19533803,0.12934974,0.076796055,0.11637654,0.15696849,0.111782864,0.108641624,0.12316151,0.13892393,0.104056925,0.11001494,0.12297472,0.0744718,0.093017176,0.16759029,0.06988412
0.26649868,0.19821267,0.3099569,0.2080949,0.2516129,0.27138448,0.23258148,0.18613423,0.32865623,0.39971432,0.45991033,0.24413964,0.3078408,0.22275709,0.20591372,0.27615213,0.30180836,0.19630814,0.25114453,0.1602444
0.22186692,0.17466854,0.16723426,0.12826493,0.18285786,0.16674325,0.16632867,0.1363988,0.0908777,0.155642,0.14624771,0.1510185,0.1736188,0.17855486,0.11035111,0.2178901,0.09447816,0.14641593,0.11943025,0.13981758
0.17172821,0.14019082,0.13160399,0.08015544,0.13611537,0.10695486,0.114551716,0.0915425,0.108814724,0.102963805,0.116004966,0.16947316,0.1547691,0.18222289,0.11210303,0.17941146,0.12175911,0.10054736,0.12304488,0.106985435
0.28041142,0.16040966,0.1670154,0.28589004,0.23249364,0.37427106,0.26229554,0.24210747,0.21447496,0.14696255,0.44428316,0.18121755,0.14781511,0.3544144,0.1446424,0.19061977,0.16421275,0.17915632,0.18733436,0.29739708
0.12473392,0.12140919,0.29866812,0.2001,0.14418197,0.1563219,0.16112211,0.25485638,0.16326728,0.1658247,0.17807403,0.1749048,0.18158716,0.16367517,0.15315531,0.17998059,0.13649961,0.104693115,0.17654455,0.17836082
0.14348154,0.09414246,0.13184865,0.12171309,0.13409269,0.12164793,0.19070283,0.19913894,0.09042663,0.10867511,0.098754115,0.10104504,0.13295136,0.1257063,0.08418896,0.18137068,0.20325741,0.13494413,0.08948622,0.16995387
0.14916791,0.4033205,0.2879163,0.2253034,0.20035419,0.13019505,0.28343484,0.18191402,0.20289502,0.13525806,0.32145903,0.28589237,0.20543444,0.23518561,0.30129874,0.22094479,0.2645347,0.11073841,0.27570567,0.24257661
0.16553438,0.12810105,0.14689402,0.131851,0.15043767,0.17679082,0.17136887,0.1077433,0.13246076,0.16297702,0.14745574,0.21180703,0.13515405,0.11356558,0.12424303,0.09851849,0.2525195,0.11083065,0.10492271,0.21631208
0.18568449,0.100489266,0.13431115,0.11650672,0.11568991,0.09700912,0.107755765,0.16936089,0.14214753,0.11729837,0.1214455,0.113719106,0.16529314,0.09313079,0.13413455,0.12846181,0.1256899,0.07070596,0.14122361,0.17687874
0.23626113,0.38917062,0.23039944,0.33762607,0.36232552,0.17031337,0.269555,0.25147343,0.25227985,0.1604097,0.18731575,0.22298826,0.29257372,0.14852266,0.4179134,0.20241262,0.3879358,0.17481472,0.2656459,0.17212717
0.14504702,0.125679,0.12517662,0.0847168,0.14089257,0.10733796,0.20139936,0.14465836,0.13629058,0.13064101,0.11125626,0.16087815,0.08742541,0.13391964,0.09053165,0.12395863,0.17843328,0.18053906,0.1618635,0.14605318
0.16024749,0.06793573,0.13676392,0.13617083,0.1981421,0.13250645,0.13010643,0.10034652,0.0637058,0.102039896,0.15476252,0.12022975,0.15566352,0.1388972,0.11781536,0.14319783,0.1060938,0.19930243,0.12968065,0.09544686
0.120972,0.14077474,0.20423597,0.26399028,0.20368692,0.20371743,0.24008441,0.40107796,0.17705403,0.2244081,0.22909933,0.24649279,0.19753641,0.45980343,0.2676416,0.30187306,0.14859213,0.28224292,0.13975112,0.19710127
0.22647017,0.12182454,0.16301124,0.11809866,0.093785465,0.1564784,0.116026,0.11723636,0.1597315,0.191831,0.11678755,0.14906587,0.20842513,0.12725377,0.09500484,0.122477,0.14834549,0.11449243,0.11548208,0.12785974
0.13980396,0.111744024,0.12598862,0.17481132,0.12250159,0.09283992,0.12373116,0.12517317,0.093521036,0.13573849,0.15117754,0.08195093,0.118324876,0.11880217,0.10574232,0.119334824,0.11547836,0.10570423,0.13550906,0.1136798
0.20773897,0.28258404,0.13597378,0.24985556,0.22002865,0.20334274,0.21012038,0.2629329,0.2460072,0.41419536,0.36880925,0.21821563,0.2744746,0.1825646,0.09646489,0.23160139,0.41808423,0.21042958,0.22416918,0.27186245
0.117297955,0.117621176,0.17085479,0.16203392,0.15799552,0.26044205,0.122194536,0.124299854,0.10304002,0.10462254,0.26405954,0.137796,0.08610876,0.085508004,0.17319073,0.16499758,0.17963968,0.14306691,0.08848613,0.14037645
0.15625775,0.11073625,0.14515156,0.10752565,0.08869127,0.13213861,0.1570627,0.08498623,0.1064391,0.13525374,0.07791696,0.103533015,0.15945937,0.13339488,0.13935326,0.07471597,0.10069603,0.11518775,0.08763945,0.09299189
0.13049506,0.18608302,0.1887483,0.25309923,0.2019642,0.22813416,0.12685546,0.23723112,0.24713165,0.36104888,0.17767757,0.41333982,0.2397835,0.078662135,0.30341727,0.27347493,0.27416244,0.2058876,0.15828426,0.16388619
0.124654405,0.14618322,0.12783192,0.13193215,0.14285865,0.16546863,0.18479748,0.07613768,0.13131739,0.12724982,0.22343335,0.1412886,0.1376355,0.13545008,0.14014997,0.14143245,0.14611565,0.11842259,0.118926056,0.1066827
0.10473027,0.15756774,0.13858186,0.09228801,0.13301875,0.08411891,0.102815755,0.08914872,0.09972192,0.10214902,0.16880187,0.09698711,0.17333548,0.11904322,0.1255891,0.08997273,0.14779146,0.12905881,0.10166712,0.0832769
0.19523391,0.25008082,0.21562354,0.24481432,0.4051596,0.22478575,0.40937856,0.2085363,0.1541174,0.23985517,0.16323134,0.25862262,0.19804093,0.16156633,0.17093486,0.13854028,0.22959562,0.122157514,0.13348572,0.123718195
0.18474132,0.16469713,0.14076366,0.11910125,0.0968881,0.10018041,0.1345636,0.08714192,0.08220398,0.14961489,0.17519012,0.13628268,0.09256474,0.21635327,0.14041239,0.11408249,0.17314208,0.09955767,0.13564488,0.24390005
0.0862798,0.107615694,0.085887395,0.13178962,0.08550991,0.14057416,0.08561299,0.095608994,0.122956246,0.06910758,0.091256626,0.16297284,0.08965674,0.11238579,0.09337197,0.112957545,0.14802761,0.076366246,0.06308593,0.12978083
0.17550644,0.41272336,0.14642838,0.24971429,0.2927121,0.16870733,0.11355518,0.14249359,0.3981809,0.13311918,0.25408697,0.11603791,0.21489602,0.28563923,0.20306225,0.18687652,0.32406586,0.5014145,0.2910501,0.18222933
0.14607032,0.10644787,0.15455526,0.18103714,0.173994,0.1234688,0.14344075,0.18064804,0.08116091,0.2675774,0.087875456,0.11480246,0.11874652,0.18094273,0.098216556,0.14530246,0.13206926,0.16655214,0.11685566,0.1251451
0.08129178,0.0731155,0.09052909,0.16395947,0.120177075,0.1126832,0.13609552,0.09491432,0.10887112,0.13097607,0.10607808,0.13714619,0.09545364,0.097747885,0.12993853,0.09092957,0.07490393,0.10603641,0.13951597,0.089452475
0.45027593,0.2535391,0.1567084,0.07808968,0.26091358,0.15353046,0.17598394,0.31276137,0.35252059,0.19962935,0.26664898,0.082848705,0.1898317,0.46378776,0.16749965,0.23643218,0.17263764,0.26675528,0.24323322,0.25609213
0.18949668,0.09782218,0.12787484,0.23649558,0.20516713,0.17397738,0.12487026,0.17560372,0.17823759,0.14098744,0.1472717,0.10598925,0.11826539,0.17232886,0.21625304,0.1428679,0.16835652,0.1454903,0.13341562,0.18582891
0.11193683,0.103318185,0.14574568,0.07379042,0.13598852,0.120043814,0.114813775,0.08501157,0.11160147,0.0698219,0.11795177,0.09813921,0.08645299,0.108470894,0.113622926,0.09145386,0.0988196,0.13001728,0.12336489,0.13837753
0.20334142,0.24774571,0.3786483,0.15187913,0.08651176,0.36243436,0.13077164,0.18801473,0.13964188,0.45242938,0.10490711,0.23571934,0.33888325,0.14921094,0.0850525,0.20621315,0.2042369,0.25199038,0.14125286,0.11649414
0.09907926,0.12842987,0.14152268,0.10128261,0.11896951,0.18786615,0.21827759,0.07401661,0.17389819,0.14104111,0.15838625,0.09344985,0.25024927,0.13884966,0.08612319,0.09910916,0.12174391,0.0940298,0.089830406,0.2100399
0.07359813,0.09650399,0.10591689,0.15987892,0.12322876,0.15297931,0.08853346,0.08526574,0.13178524,0.13821337,0.12687775,0.06626874,0.15869412,0.1421153,0.14344095,0.14439933,0.09386834,0.12382687,0.15838715,0.11793549
0.16532464,0.18650608,0.18061703,0.26845986,0.113682166,0.37245017,0.23643579,0.3753018,0.24392429,0.21648832,0.25021967,0.17278706,0.3137535,0.121116795,0.18391101,0.13704851,0.29567888,0.13257033,0.28099075,0.2616293
0.21058367,0.21813509,0.17651041,0.119917296,0.20286947,0.13257904,0.15087749,0.06379347,0.09519511,0.13856424,0.09180703,0.15035939,0.09217847,0.13312998,0.10114428,0.1709743,0.20717928,0.110743605,0.18669242,0.12425214
0.11447789,0.21525079,0.13334043,0.07310289,0.10842283,0.101733334,0.103169866,0.10297091,0.11284808,0.1016095,0.089552075,0.13507332,0.15538019,0.09487297,0.12991977,0.118980035,0.11459657,0.114902996,0.12878592,0.089281686
0.18449901,0.26147208,0.2074726,0.2968967,0.15975346,0.25916773,0.27117243,0.36759773,0.14244846,0.23366189,0.23557872,0.27872512,0.20526083,0.22918245,0.17397334,0.16113408,0.119345576,0.28597385,0.29707983,0.43114838
0.12375835,0.12853323,0.2980446,0.19387625,0.11391561,0.08316145,0.23205876,0.0884944,0.12904224,0.16378978,0.090919085,0.13175702,0.15006573,0.1071628,0.1332641,0.1602951,0.076885685,0.22688965,0.08109734,0.11178324
0.12169771,0.100932874,0.12549807,0.12221148,0.11448396,0.15738095,0.11569758,0.11987591,0.17254002,0.17378871,0.11311232,0.11618263,0.0640948,0.100618266,0.103882805,0.103022985,0.13952194,0.12834503,0.09705227,0.1759503
0.31624052,0.19020534,0.21267761,0.18783586,0.37897825,0.26830262,0.17247869,0.20268963,0.27421644,0.27522486,0.2895161,0.22736384,0.22562374,0.26432672,0.23336786,0.3106894,0.24997656,0.24331997,0.12594643,0.26858667
0.14367722,0.106856786,0.08856727,0.11411714,0.1217597,0.15741241,0.17975838,0.13565044,0.16961,0.08655387,0.13004753,0.12911946,0.14273146,0.1592898,0.10490489,0.0927148,0.15650904,0.10195624,0.11057004,0.056244265
0.09946119,0.10373,0.09562112,0.1035467,0.067045376,0.15533943,0.1023972,0.08667193,0.11658805,0.1540604,0.23115505,0.115097485,0.12749368,0.097778015,0.10082309,0.0907444,0.124968864,0.13364825,0.1291697,0.114980645
0.12239973,0.54165226,0.053930804,0.17072223,0.23344518,0.09631319,0.35212767,0.18843797,0.13365251,0.30975872,0.10102083,0.1579002,0.21950367,0.19215629,0.16743666,0.14138868,0.2051492,0.233538,0.110481,0.24018084
0.14344403,0.18204546,0.16951421,0.19159724,0.13302,0.11274034,0.120980926,0.09649115,0.13465726,0.31127086,0.17242733,0.15256138,0.10169435,0.12807484,0.1558232,0.14455402,0.09592505,0.1101144,0.10026506,0.15318376
0.12527156,0.11065543,0.09765009,0.19763812,0.070429094,0.088462695,0.13661735,0.1291164,0.10694337,0.12843347,0.10959265,0.11563978,0.09508337,0.12987632,0.10282433,0.0995829,0.10131938,0.0940787,0.10879697,0.09942182
0.14838324,0.25326708,0.16829872,0.2637381,0.11998351,0.116277985,0.121535964,0.10583559,0.2561674,0.09801208,0.28166944,0.25774357,0.10114831,0.20853548,0.2616233,0.28757396,0.4653752,0.18004896,0.26671416,0.2055831
0.076342516,0.15951571,0.15351984,0.16536489,0.148495,0.095800236,0.16124152,0.09096349,0.13007174,0.19710068,0.1314436,0.14963062,0.15303183,0.148724,0.1797988,0.17046662,0.107142486,0.108851016,0.16193126,0.16812363
0.15161762,0.09142649,0.09900289,0.09247994,0.0811981,0.113184996,0.0893169,0.12964189,0.07334186,0.10081196,0.119003475,0.08381425,0.1435239,0.1286479,0.13386787,0.078959875,0.074891895,0.13087712,0.10010094,0.13266207
0.14625967,0.18693449,0.2855743,0.13528006,0.1388219,0.36161494,0.2182934,0.13502921,0.20376772,0.14405647,0.24964489,0.30881137,0.13147636,0.21849677,0.16882165,0.25053832,0.21158881,0.25330898,0.15263925,0.12516989
0.13976307,0.1906466,0.1308124,0.10999999,0.16557884,0.2467378,0.21416509,0.11372866,0.17155708,0.14090475,0.21558046,0.103838034,0.14175305,0.15509374,0.14076525,0.13916497,0.1368401,0.13546841,0.10985337,0.1235963
0.106359996,0.08902532,0.09440579,0.13697554,0.10643141,0.09256591,0.096845254,0.09625071,0.09471032,0.11089399,0.09619114,0.12061662,0.11310345,0.09707504,0.106991105,0.10596685,0.16631651,0.10971114,0.117570505,0.18302785
0.20832473,0.16470762,0.2582805,0.24346863,0.1508093,0.15282935,0.1933511,0.21779846,0.38144466,0.13873604,0.14531192,0.36927176,0.17506534,0.38773903,0.07794889,0.23572391,0.35542816,0.10349528,0.28835672,0.13517882
0.09623284,0.104730316,0.18052565,0.1791717,0.1037513,0.15259443,0.12089224,0.13164572,0.17925504,0.08397198,0.09847616,0.07582085,0.10767924,0.16202478,0.09686658,0.12561314,0.111012556,0.111403175,0.159279,0.17881745
0.09049815,0.08170187,0.13505755,0.09190066,0.09218298,0.16774823,0.06345476,0.09896433,0.076345295,0.197559,0.091121145,0.08514248,0.13566457,0.11384627,0.13056806,0.10230559,0.12205943,0.11049023,0.07994897,0.097890615
0.28504464,0.4250635,0.1688448,0.2651757,0.123968445,0.52030927,0.31165612,0.23420994,0.14615102,0.16689478,0.12839745,0.27501807,0.1810341,0.19951282,0.23707758,0.34984976,0.16807722,0.3180008,0.32283863,0.23128448
0.17853437,0.082409814,0.13254258,0.103478946,0.10114234,0.13702233,0.19091363,0.0739319,0.08643985,0.15507355,0.10737994,0.22219308,0.1556252,0.22669554,0.1137818,0.13127378,0.13589616,0.15040402,0.09842624,0.07359781
0.09093356,0.09729222,0.105299465,0.08109638,0.08402635,0.12435665,0.109553926,0.0897116,0.12795979,0.074842475,0.08950916,0.091075644,0.12106317,0.092779554,0.10461997,0.11914818,0.13098718,0.10368824,0.13657676,0.09347193
0.43616784,0.3053547,0.26248673,0.21463256,0.19832356,0.16396284,0.22892758,0.17936762,0.2822849,0.114434816,0.28677297,0.1306445,0.10316887,0.13432916,0.2508742,0.17850456,0.27047756,0.117601156,0.43150252,0.3084218
0.1114865,0.08813067,0.11039518,0.10461173,0.12758411,0.12897651,0.0939948,0.14436829,0.08761158,0.10632578,0.10787212,0.103104234,0.23701695,0.13515821,0.07888094,0.18546335,0.24123858,0.2100145,0.15240371,0.26679042
0.120817944,0.093789384,0.096257985,0.10724663,0.076559365,0.08010674,0.087009646,0.119784825,0.07016324,0.09164422,0.09529523,0.068685934,0.11540573,0.104978085,0.08775262,0.114903696,0.25631592,0.12061641,0.09387583,0.10813038
0.17209509,0.33530855,0.21806452,0.1946034,0.111890055,0.24755944,0.3631514,0.16005509,0.12764394,0.15210573,0.19715077,0.36500084,0.12513593,0.14830647,0.17627577,0.36913604,0.18485792,0.08480839,0.20533288,0.47547686
0.15966423,0.09674806,0.08989467,0.09218436,0.071090914,0.12059055,0.14735682,0.16754177,0.110232845,0.085548945,0.12143828,0.12486535,0.10588873,0.15849696,0.11528276,0.121327125,0.23245591,0.11376477,0.10277778,0.07672015
0.09055989,0.10175804,0.096890755,0.095388584,0.10484108,0.12470725,0.123708755,0.12632807,0.08875768,0.08763978,0.11134152,0.1766489,0.08859978,0.10191661,0.11928876,0.067069955,0.09026948,0.12853119,0.11220099,0.09514664
0.16851373,0.19155078,0.37121367,0.12156764,0.27712044,0.14377253,0.13223194,0.1943382,0.096815355,0.15375532,0.13046119,0.29864025,0.27955407,0.27242696,0.059272323,0.2320182,0.101786144,0.16002333,0.30614886,0.25712752
0.12182634,0.15407194,0.16090761,0.097315855,0.13530037,0.15128332,0.13249066,0.23183438,0.1111043,0.24395278,0.17949302,0.22557682,0.11060015,0.061271723,0.19643994,0.15551278,0.123709716,0.077438965,0.116185404,0.13353574
0.23243853,0.07806073,0.09012161,0.11869647,0.16479692,0.091071256,0.20266871,0.1044102,0.07259179,0.07367094,0.11314557,0.09096535,0.10343065,0.10442174,0.08383471,0.119027555,0.09348415,0.13744906,0.13001277,0.13589726
0.19817623,0.11702603,0.13416341,0.18824978,0.2530105,0.17313036,0.20661917,0.19829999,0.121076696,0.15929833,0.09414263,0.11388404,0.19785763,0.1410675,0.13268103,0.18771629,0.23947105,0.19517983,0.21013677,0.2597358
0.13513851,0.12291936,0.14934455,0.11696069,0.10925518,0.15550114,0.12267498,0.15662009,0.09899725,0.13469079,0.17864761,0.15347953,0.16817781,0.15984525,0.12993097,0.10385199,0.09633053,0.18143132,0.11128631,0.09399641
0.09689249,0.1249605,0.09821066,0.099549435,0.16040139,0.096474744,0.12314814,0.112012565,0.12824337,0.07210277,0.084570855,0.11241216,0.1278185,0.10206658,0.113780625,0.11159055,0.08128775,0.068682216,0.08775613,0.10223964
0.235914,0.14240666,0.23236613,0.27609137,0.15833521,0.1453528,0.15610261,0.22025226,0.1806196,0.16307706,0.19692145,0.09386426,0.08173818,0.21768227,0.08461383,0.19620532,0.082897544,0.21943665,0.32336256,0.1707403
0.09290011,0.11811527,0.09526746,0.16647275,0.20850514,0.11330427,0.26527706,0.17238174,0.11539018,0.16021821,0.15885538,0.16676398,0.09377113,0.13434304,0.10517928,0.12233579,0.1513126,0.24475764,0.1176693,0.11320549
0.09200956,0.121756814,0.08157879,0.105966635,0.080015205,0.20061302,0.11673401,0.07854655,0.123448096,0.1455599,0.072391875,0.082010515,0.11267408,0.12721968,0.10098139,0.10617989,0.13684286,0.08257602,0.105991475,0.10066584
0.15747507,0.21678127,0.270223,0.098570615,0.09404249,0.35966673,0.15650158,0.2734756,0.19962521,0.18051471,0.2994458,0.1607421,0.29215398,0.14575776,0.31822118,0.32920936,0.19343285,0.17366318,0.46855426,0.12254756
0.13661723,0.18684061,0.13892567,0.10146067,0.078822225,0.14038332,0.10300432,0.13233899,0.15452519,0.09823149,0.16788888,0.12906818,0.093635924,0.16244498,0.091429554,0.06961153,0.13444002,0.087763935,0.089507796,0.12618323
0.12662385,0.096871294,0.10825033,0.084216915,0.07811798,0.07945625,0.098973274,0.11988443,0.07269059,0.12845293,0.0819711,0.085806206,0.14082903,0.14643769,0.11553901,0.065792195,0.11966008,0.10669164,0.2608219,0.07812826
0.10977841,0.12839259,0.2644182,0.3907971,0.2707875,0.31810772,0.36119014,0.17221566,0.12327587,0.28447548,0.2200213,0.32714713,0.15237609,0.25994495,0.5085967,0.22136256,0.19104303,0.26273385,0.2216976,0.27317342
0.1313136,0.19377255,0.1608807,0.13118356,0.079051636,0.102476776,0.12292818,0.085119866,0.09691225,0.09993278,0.11036346,0.09290026,0.102081574,0.0556391,0.086660855,0.15790892,0.18143676,0.2486938,0.080995575,0.104883224
0.06381328,0.10875513,0.19087358,0.106411114,0.0876324,0.070994474,0.093838245,0.15513815,0.0938429,0.08814644,0.05276031,0.09150957,0.07938626,0.06394341,0.14150625,0.15967491,0.09172497,0.08860668,0.15368453,0.120291054
0.33920982,0.30952784,0.31861153,0.26252228,0.26078612,0.2519941,0.22710493,0.27293298,0.25229806,0.20828997,0.49310723,0.15117711,0.2978858,0.19775584,0.17588697,0.114858225,0.26578707,0.16981514,0.2072549,0.1899665
0.07574947,0.07599397,0.12455772,0.12751685,0.057069056,0.10577347,0.1916271,0.11602629,0.22580537,0.16679654,0.19304349,0.14624448,0.0883828,0.12430064,0.2819269,0.1057643,0.14100172,0.09736868,0.22209027,0.108631216
0.11289411,0.09553911,0.12990627,0.09855306,0.14725761,0.11617233,0.12446575,0.108120695,0.12662655,0.11835019,0.16112788,0.10263106,0.118417166,0.08714318,0.11223388,0.061020993,0.06481055,0.21833631,0.11000124,0.21007344
0.14875269,0.1639833,0.2294975,0.09100783,0.240151,0.2742471,0.18108276,0.2965229,0.2233539,0.39957517,0.22023505,0.36598602,0.23007557,0.13843809,0.13473542,0.09658797,0.250433,0.3761033,0.35809788,0.29389894
0.10435354,0.25287405,0.07891178,0.17464197,0.287121,0.16261083,0.11499521,0.18917076,0.16745989,0.1106912,0.120588206,0.11187189,0.20223178,0.1913394,0.1488275,0.18955927,0.09377684,0.12296207,0.10673209,0.14978665
0.0890635,0.100272454,0.13578404,0.08595107,0.11730502,0.09654017,0.12715448,0.076002985,0.10701928,0.0798598,0.12930319,0.07923246,0.08273133,0.08731563,0.10708485,0.097335316,0.17684326,0.0830087,0.101105005,0.08070729
0.2995221,0.16099401,0.073510446,0.30363756,0.23946325,0.1823006,0.29465455,0.26680222,0.25382394,0.18653415,0.15240191,0.13053,0.26817983,0.16710539,0.5095105,0.18216936,0.18226151,0.19690025,0.19570626,0.13967143
0.16902831,0.27628046,0.19556442,0.12512943,0.102335885,0.18696262,0.054328088,0.09396752,0.15707383,0.09506948,0.09483437,0.11549585,0.08656196,0.12535805,0.1016844,0.13517314,0.13599212,0.10597553,0.15137953,0.16445783
0.13422573,0.10740218,0.10667847,0.06671266,0.09375711,0.07288508,0.0777223,0.09424761,0.06545896,0.10164623,0.1000162,0.11987231,0.07618688,0.19175924,0.121480234,0.10824407,0.1262713,0.11438591,0.12483132,0.09763575
0.18595038,0.10527124,0.29960728,0.099464566,0.1377056,0.2949176,0.11626128,0.34394026,0.1796342,0.18675129,0.28091037,0.16222405,0.33154806,0.17906539,0.20843387,0.12309155,0.25186142,0.12332034,0.26652578,0.1849444
0.06788805,0.10744331,0.17477153,0.0732105,0.21718799,0.06872993,0.111817375,0.1314622,0.16891843,0.093384124,0.1332767,0.1011224,0.10577472,0.09483264,0.14376278,0.13946818,0.107775494,0.099889256,0.12858006,0.16059576
0.109098196,0.09635724,0.13955316,0.11567178,0.11850643,0.0971309,0.14228599,0.09103943,0.17284961,0.100137465,0.17558758,0.09982366,0.099158734,0.124059014,0.07629302,0.10086613,0.12961052,0.094130225,0.095116824,0.08411959
0.16431493,0.36387995,0.1260784,0.22343305,0.2316507,0.25473148,0.33334172,0.25713843,0.1643325,0.47371736,0.09071496,0.12453625,0.15375347,0.34009582,0.13472372,0.14066432,0.10259893,0.21736917,0.1640577,0.4551184
0.09140135,0.2346924,0.14072563,0.15660144,0.13309763,0.11755121,0.12279638,0.17473389,0.07698877,0.13788417,0.19089457,0.06665724,0.11506737,0.090134546,0.09147213,0.1070497,0.16730179,0.09353498,0.093796775,0.09366252
0.11423342,0.12233016,0.10869749,0.13550691,0.111075275,0.10531277,0.17241576,0.079238616,0.092447355,0.087333605,0.13319859,0.08770097,0.07052436,0.07093156,0.11820163,0.19218086,0.14192712,0.08380362,0.14260007,0.07100715
0.10584826,0.2213949,0.2913375,0.33329588,0.23740362,0.12968044,0.38957152,0.081626035,0.14694655,0.16029605,0.28447104,0.18721926,0.153303,0.1698699,0.2619496,0.12114439,0.10566955,0.11113641,0.20324606,0.20968537
0.09821425,0.16339618,0.21085128,0.076978795,0.1752264,0.11799253,0.10217792,0.10295532,0.12319095,0.09213518,0.19992954,0.09074787,0.098106794,0.11303354,0.09360754,0.13170463,0.1634229,0.14316599,0.25135717,0.13575366
0.095149174,0.08926554,0.12778053,0.1001045,0.07199512,0.10817203,0.12395799,0.09211308,0.06953153,0.1130983,0.087134816,0.099180914,0.093777366,0.09517715,0.13914956,0.06783711,0.11235401,0.08717791,0.09471146,0.115268886
0.16482247,0.14643112,0.5222891,0.44228846,0.09312708,0.15708768,0.16837516,0.25367665,0.11900284,0.13264874,0.14234993,0.29265875,0.13062513,0.5595588,0.34330314,0.18535584,0.24810031,0.20494194,0.32022828,0.19164754
0.12298066,0.12380024,0.14933816,0.09703786,0.07396718,0.11244257,0.110935204,0.0706684,0.12805866,0.10640471,0.11290696,0.0850915,0.13131447,0.14104523,0.12752181,0.09933761,0.07352725,0.18675256,0.1112893,0.18144183
0.092846304,0.11880246,0.105655976,0.1128293,0.16085528,0.095321454,0.13704796,0.06592678,0.07653944,0.069214076,0.0917338,0.09811614,0.09031223,0.077186756,0.10043541,0.09448497,0.085624516,0.08639004,0.10517312,0.087296166
0.27733862,0.1533446,0.1736567,0.34193954,0.108797856,0.20950028,0.13925333,0.23047456,0.2783147,0.12216377,0.40029487,0.21828187,0.26180175,0.20255774,0.16019008,0.17335847,0.22712666,0.22929974,0.22963853,0.2046035
0.18124458,0.085529916,0.073114686,0.11329901,0.15929559,0.10522844,0.1987472,0.1662509,0.15011476,0.16183005,0.07553083,0.13757484,0.1640714,0.15270421,0.1258105,0.13880563,0.26280054,0.12855378,0.11700752,0.1476037
0.110465385,0.0751133,0.1059354,0.072304025,0.10661906,0.089905396,0.13477097,0.10081226,0.12234654,0.12223028,0.114814624,0.114520445,0.0885415,0.16750696,0.15855423,0.17221518,0.08678825,0.11344735,0.13831647,0.12311961
0.23596576,0.17532878,0.22729714,0.18339334,0.2865481,0.19687581,0.08888993,0.76715857,0.20440249,0.12498407,0.19682634,0.119378604,0.09992128,0.23620711,0.18426847,0.22095612,0.18752871,0.25781587,0.21391755,0.1921469
0.05315903,0.09238194,0.14727737,0.09286778,0.099011034,0.08027557,0.13663602,0.116122425,0.10794954,0.07123687,0.109240584,0.08760585,0.10657895,0.19731131,0.081597276,0.08636508,0.12202494,0.06728155,0.11350368,0.3546756
0.12309309,0.19775982,0.06972814,0.083957516,0.05238529,0.08455135,0.09615057,0.12335234,0.12788498,0.07307659,0.12541254,0.15692702,0.1303893,0.069996186,0.08268481,0.07289501,0.09831404,0.105673954,0.13069873,0.11325565
0.20746991,0.28158227,0.320468,0.26809305,0.13413809,0.23429897,0.08560376,0.37059894,0.1782099,0.30257437,0.2659379,0.18691272,0.23467617,0.082776435,0.10708058,0.42541656,0.21182029,0.24980336,0.08591653,0.08142221
0.14047936,0.1139508,0.093726076,0.111058615,0.111872345,0.1474087,0.10320664,0.14996785,0.06396234,0.1521711,0.14178155,0.124396294,0.087596826,0.08011409,0.25281245,0.22977044,0.10152324,0.17240618,0.119101554,0.10245073
0.16454175,0.09346872,0.10271047,0.12557921,0.12811935,0.104420215,0.095098026,0.11671407,0.14611003,0.097139895,0.080290556,0.19195938,0.095984966,0.08385541,0.10704404,0.08148986,0.094869964,0.17106631,0.111043684,0.061826553
0.17165062,0.2062598,0.20027518,0.23385614,0.18868099,0.17237002,0.30911773,0.2059439,0.30837584,0.14138217,0.19588262,0.14689654,0.20274395,0.11494599,0.24550664,0.14863923,0.1578,0.29893565,0.24083702,0.44837606
0.15094484,0.10718323,0.13003762,0.13678639,0.094480075,0.112172134,0.11521542,0.11195028,0.1149458,0.1404532,0.08504532,0.10543089,0.0856183,0.10178378,0.11973814,0.11254186,0.10086708,0.061878853,0.15390576,0.08731615
0.107130446,0.08088485,0.10629141,0.12442622,0.084292404,0.11264611,0.07693461,0.15592718,0.09096799,0.08361428,0.09863024,0.08842499,0.0977399,0.08262609,0.10499133,0.0635306,0.09477103,0.104671456,0.058795564,0.121993415
0.17779858,0.18224129,0.11517685,0.122420244,0.14867191,0.27822182,0.2617464,0.1268113,0.11811043,0.13539696,0.16210496,0.27635568,0.24574186,0.21092142,0.34022358,0.3083323,0.15036158,0.25307786,0.21290177,0.18373218
0.15633234,0.119378805,0.1584161,0.120550185,0.11051896,0.15106502,0.14222576,0.09861106,0.11247874,0.16610427,0.14334874,0.09298792,0.0947443,0.074984565,0.073064506,0.10704946,0.06856157,0.121878296,0.11106116,0.16997726
0.06795076,0.09793231,0.09345154,0.09058006,0.09638691,0.09096351,0.09527533,0.14522034,0.13354158,0.18709041,0.09667376,0.105280906,0.18155581,0.093009256,0.09153526,0.14073391,0.243698,0.05551825,0.14682767,0.1172212
0.12514044,0.118402936,0.13260825,0.4218083,0.18606053,0.37045965,0.1958935,0.21271338,0.17164531,0.109102204,0.33645436,0.10255974,0.16643846,0.37422076,0.15710343,0.16181658,0.48174316,0.27208242,0.34058586,0.20734072
0.09501557,0.12004169,0.08922433,0.1499425,0.21152058,0.1220691,0.1075651,0.072237745,0.15416451,0.2049767,0.16982554,0.098794244,0.19323686,0.100942835,0.16454308,0.110707,0.08799351,0.08588991,0.113409504,0.104307294
0.077681,0.10861895,0.06686885,0.16990969,0.12294047,0.069694124,0.113305576,0.088702716,0.10829077,0.093058765,0.06448776,0.10433292,0.0847626,0.09010912,0.07986841,0.080392614,0.071082935,0.08203893,0.09730529,0.10525153
0.65904856,0.27358708,0.16978002,0.09730983,0.35088038,0.08532614,0.3114538,0.10404656,0.11135562,0.15273859,0.38081172,0.19709896,0.12190447,0.28449607,0.18220331,0.10783532,0.12689799,0.106243305,0.24743633,0.09215759
0.11350175,0.1522122,0.15457268,0.092919625,0.11333713,0.09131973,0.14150718,0.07622051,0.13994044,0.11329787,0.059317738,0.10781744,0.103322744,0.08223748,0.0774059,0.07189664,0.13921545,0.06301013,0.11454975,0.083661094
0.057499077,0.074778266,0.0752124,0.0855189,0.12047019,0.13468322,0.14208815,0.13578922,0.14435251,0.091643006,0.072767936,0.08911233,0.054833524,0.11928055,0.0677322,0.072383285,0.05850552,0.11312413,0.08571845,0.07978525
0.18860786,0.13452666,0.25046077,0.13784814,0.11067135,0.29636282,0.458072,0.16971529,0.11313749,0.34585086,0.16876575,0.18481342,0.3227921,0.21571057,0.1463502,0.18837152,0.12559563,0.11759567,0.30955127,0.22704148
0.117464155,0.11321294,0.18125676,0.12797932,0.14399175,0.09862737,0.06621205,0.17231494,0.10708199,0.10743095,0.18512915,0.06507854,0.08723437,0.08475485,0.23563242,0.09501441,0.10889276,0.1081941,0.083569914,0.081781
0.07325174,0.081699066,0.11147589,0.107682064,0.100577146,0.08413511,0.08666165,0.08249799,0.06727489,0.09356749,0.089216866,0.11521185,0.13506217,0.08210071,0.09313665,0.092792496,0.06692137,0.1253686,0.07500311,0.09918501
0.17251186,0.30089283,0.23366329,0.11667484,0.23493476,0.13782485,0.090982,0.37072632,0.3233808,0.10551895,0.16541897,0.17020074,0.24161398,0.28576055,0.17778374,0.19297448,0.30928582,0.21925198,0.2568295,0.1971487
0.15600455,0.134102,0.109273106,0.11042507,0.11879692,0.218848,0.10917567,0.17024688,0.12472705,0.077720195,0.06630775,0.08933699,0.09179143,0.14555086,0.07633019,0.07486584,0.12368328,0.11394674,0.15511449,0.15909004
0.09062415,0.06740231,0.095487624,0.1304555,0.17190684,0.10351851,0.055052325,0.114426106,0.16770808,0.07546766,0.08737095,0.12141986,0.13720374,0.08436442,0.07357064,0.14183846,0.10736818,0.07616065,0.07692287,0.09650762
0.1420919,0.1919849,0.24322326,0.33483538,0.21230407,0.17303799,0.14673257,0.26293138,0.23241726,0.08938046,0.26192048,0.23240139,0.18383251,0.1582277,0.16012286,0.14675015,0.08998926,0.2758677,0.22944996,0.17946379
0.13044712,0.1129419,0.12877,0.104398504,0.11263485,0.23620638,0.098943084,0.1094918,0.10624023,0.088093586,0.21508041,0.08348382,0.12259201,0.11855054,0.13155918,0.124108575,0.2016159,0.10165043,0.15513368,0.14072476
